Problem,Problem Link,
C. Sensors,https://atcoder.jp/contests/abc325/tasks/abc325_c
C. Blue Spring,https://atcoder.jp/contests/abc318/tasks/abc318_c
C. Takahashi Gets Lost,https://atcoder.jp/contests/abc341/tasks/abc341_c
C. Changing Jewels,https://atcoder.jp/contests/abc260/tasks/abc260_c
D. "redocta".swap(i,i+1),https://atcoder.jp/contests/abc264/tasks/abc264_d
C. Dash,https://atcoder.jp/contests/abc303/tasks/abc303_c
C. Rotation,https://atcoder.jp/contests/abc258/tasks/abc258_c
D. Diversity of Scores,https://atcoder.jp/contests/abc343/tasks/abc343_d
D. Loong and Takahashi,https://atcoder.jp/contests/abc335/tasks/abc335_d
C. Make Takahashi Happy,https://atcoder.jp/contests/abc293/tasks/abc293_c
C. Don’t be cycle,https://atcoder.jp/contests/abc288/tasks/abc288_c
A. Good Permutation 2,https://atcoder.jp/contests/arc178/tasks/arc178_a
C. AtCoder Magics,https://atcoder.jp/contests/abc354/tasks/abc354_c
C. Four Variables,https://atcoder.jp/contests/abc292/tasks/abc292_c
A. Ekiden Race,https://atcoder.jp/contests/arc162/tasks/arc162_a
C. Find it!,https://atcoder.jp/contests/abc311/tasks/abc311_c
C. XX to XXX,https://atcoder.jp/contests/abc259/tasks/abc259_c
C. Loong Tracking,https://atcoder.jp/contests/abc335/tasks/abc335_c
D. Scope,https://atcoder.jp/contests/abc283/tasks/abc283_d
C. Path Graph?,https://atcoder.jp/contests/abc287/tasks/abc287_c
A. A Multiply,https://atcoder.jp/contests/arc174/tasks/arc174_a
C. One Time Swap,https://atcoder.jp/contests/abc345/tasks/abc345_c
C. Almost Equal,https://atcoder.jp/contests/abc302/tasks/abc302_c
B. Christmas Trees,https://atcoder.jp/contests/abc334/tasks/abc334_b
C. Many Replacement,https://atcoder.jp/contests/abc342/tasks/abc342_c
A. Non-Adjacent Flip,https://atcoder.jp/contests/arc156/tasks/arc156_a
B. Number Box,https://atcoder.jp/contests/abc258/tasks/abc258_b
C. Leftover Recipes,https://atcoder.jp/contests/abc338/tasks/abc338_c
C. Convex Quadrilateral,https://atcoder.jp/contests/abc266/tasks/abc266_c
C. Minimize Abs 2,https://atcoder.jp/contests/abc330/tasks/abc330_c
C. Index × A(Continuous ver.),https://atcoder.jp/contests/abc267/tasks/abc267_c
C. Divide and Divide,https://atcoder.jp/contests/abc340/tasks/abc340_c
A. Ternary Decomposition,https://atcoder.jp/contests/arc164/tasks/arc164_a
C. Cross,https://atcoder.jp/contests/abc300/tasks/abc300_c
C. K Swap,https://atcoder.jp/contests/abc254/tasks/abc254_c
C. Ladder Takahashi,https://atcoder.jp/contests/abc277/tasks/abc277_c
C. Filling 3x3 array,https://atcoder.jp/contests/abc256/tasks/abc256_c
D. Union of Interval,https://atcoder.jp/contests/abc256/tasks/abc256_d
C. Cards Query Problem,https://atcoder.jp/contests/abc298/tasks/abc298_c
D. Step Up Robot,https://atcoder.jp/contests/abc289/tasks/abc289_d
A. Reverse and Minimize,https://atcoder.jp/contests/arc142/tasks/arc142_a
D. Take ABC,https://atcoder.jp/contests/abc328/tasks/abc328_d
D. All Assign Point Add,https://atcoder.jp/contests/abc278/tasks/abc278_d
B. Exactly Three Bits,https://atcoder.jp/contests/arc161/tasks/arc161_b
C. Rotate and Palindrome,https://atcoder.jp/contests/abc286/tasks/abc286_c
D. Counting Ls,https://atcoder.jp/contests/abc330/tasks/abc330_d
C. ±1 Operation 1,https://atcoder.jp/contests/abc255/tasks/abc255_c
D. Unicyclic Components,https://atcoder.jp/contests/abc292/tasks/abc292_d
D. LOWER,https://atcoder.jp/contests/abc314/tasks/abc314_d
C. 321-like Searcher,https://atcoder.jp/contests/abc321/tasks/abc321_c
D. Poisonous Full-Course,https://atcoder.jp/contests/abc306/tasks/abc306_d
A. AB Palindrome,https://atcoder.jp/contests/arc145/tasks/arc145_a
D. Reindeer and Sleigh,https://atcoder.jp/contests/abc334/tasks/abc334_d
C. Remembering the Days,https://atcoder.jp/contests/abc317/tasks/abc317_c
C. Standings,https://atcoder.jp/contests/abc308/tasks/abc308_c
D. Yet Another Recursive Function,https://atcoder.jp/contests/abc275/tasks/abc275_d
D. Money in Hand,https://atcoder.jp/contests/abc286/tasks/abc286_d
D. Do use hexagon grid,https://atcoder.jp/contests/abc269/tasks/abc269_d
A. No Attacking,https://atcoder.jp/contests/arc171/tasks/arc171_a
D. Snuke Maze,https://atcoder.jp/contests/abc308/tasks/abc308_d
D. Add One Edge,https://atcoder.jp/contests/abc309/tasks/abc309_d
C. Simple path,https://atcoder.jp/contests/abc270/tasks/abc270_c
D. Minimum Width,https://atcoder.jp/contests/abc319/tasks/abc319_d
C. Error Correction,https://atcoder.jp/contests/abc324/tasks/abc324_c
D. Divide by 2 or 3,https://atcoder.jp/contests/abc276/tasks/abc276_d
A. mod M,https://atcoder.jp/contests/arc148/tasks/arc148_a
D. Happy New Year 2023,https://atcoder.jp/contests/abc284/tasks/abc284_d
D. Change Usernames,https://atcoder.jp/contests/abc285/tasks/abc285_d
D. Mismatched Parentheses,https://atcoder.jp/contests/abc307/tasks/abc307_d
D. Sleep Log,https://atcoder.jp/contests/abc305/tasks/abc305_d
C. Chinese Restaurant,https://atcoder.jp/contests/abc268/tasks/abc268_c
C. Robot Takahashi,https://atcoder.jp/contests/abc257/tasks/abc257_c
C. Approximate Equalization 2,https://atcoder.jp/contests/abc313/tasks/abc313_c
D. Impartial Gift,https://atcoder.jp/contests/abc302/tasks/abc302_d
D. Trophy,https://atcoder.jp/contests/abc258/tasks/abc258_d
B. Unbalanced Squares,https://atcoder.jp/contests/arc142/tasks/arc142_b
A. Copy and Paste Graph,https://atcoder.jp/contests/arc159/tasks/arc159_a
D. Erase Leaves,https://atcoder.jp/contests/abc333/tasks/abc333_d
D. Good Tuple Problem,https://atcoder.jp/contests/abc327/tasks/abc327_d
D. Permutation Subsequence,https://atcoder.jp/contests/abc352/tasks/abc352_d
A. +3 +5 +7,https://atcoder.jp/contests/arc158/tasks/arc158_a
D. Flip Cards,https://atcoder.jp/contests/abc291/tasks/abc291_d
C. Invisible Hand,https://atcoder.jp/contests/abc312/tasks/abc312_c
D. Iroha and Haiku (New ABC Edition),https://atcoder.jp/contests/abc265/tasks/abc265_d
A. Periodic Number,https://atcoder.jp/contests/arc141/tasks/arc141_a
D. Intersecting Intervals,https://atcoder.jp/contests/abc355/tasks/abc355_d
A. Yet Another AB Problem,https://atcoder.jp/contests/arc170/tasks/arc170_a
C. Matrix Reducing,https://atcoder.jp/contests/abc264/tasks/abc264_c
D. Cheating Gomoku Narabe,https://atcoder.jp/contests/abc337/tasks/abc337_d
C. Counting Squares,https://atcoder.jp/contests/abc275/tasks/abc275_c
D. Find by Query,https://atcoder.jp/contests/abc299/tasks/abc299_d
D. Freefall,https://atcoder.jp/contests/abc279/tasks/abc279_d
B. AB Game,https://atcoder.jp/contests/arc145/tasks/arc145_b
D. New Friends,https://atcoder.jp/contests/abc350/tasks/abc350_d
D. Shift vs. CapsLock,https://atcoder.jp/contests/abc303/tasks/abc303_d
D. Super Takahashi Bros.,https://atcoder.jp/contests/abc340/tasks/abc340_d
D. ±1 Operation 2,https://atcoder.jp/contests/abc255/tasks/abc255_d
E. 2xN Grid,https://atcoder.jp/contests/abc294/tasks/abc294_e
C. Sigma Problem,https://atcoder.jp/contests/abc353/tasks/abc353_c
D. Match or Not,https://atcoder.jp/contests/abc287/tasks/abc287_d
